{
  "bounds": [
    36.85,
    -0.3111286,
    36.9871691,
    -0.09
  ],
  "minzoom": 11,
  "maxzoom": 16,
  "tileSize": 256,
  "scheme": "xyz"
}