{
  "bounds": [
    36.85,
    -0.3111284,
    36.987169,
    -0.09
  ],
  "minzoom": 11,
  "maxzoom": 16,
  "tileSize": 256,
  "scheme": "xyz"
}